{"polyfill":["/polyfill-67664a8ccc6c9f02b880.js"],"app":["/app-b9bc2a66f4856086ac8a.js"],"component---src-pages-404-js":["/component---src-pages-404-js-27981ca7dd461cb4280e.js"],"component---src-pages-about-js":["/component---src-pages-about-js-a7640d3d2310fcc49d18.js"],"component---src-pages-blog-js":["/component---src-pages-blog-js-79492fc87db8146fa8d3.js"],"component---src-pages-careers-js":["/component---src-pages-careers-js-7a1054fe813e23750369.js"],"component---src-pages-contact-js":["/component---src-pages-contact-js-7565a44e78ec9e417910.js"],"component---src-pages-digital-transformation-js":["/component---src-pages-digital-transformation-js-d727eeb3025f99f97133.js"],"component---src-pages-index-js":["/component---src-pages-index-js-2a3bc1c9713a334a57d9.js"],"component---src-pages-mobedo-story-js":["/component---src-pages-mobedo-story-js-d4c65fde7eb8b1c5033e.js"],"component---src-pages-privacypolicy-js":["/component---src-pages-privacypolicy-js-9f1b6b432aadc36ba256.js"],"component---src-pages-shared-services-js":["/component---src-pages-shared-services-js-8281292e411e0731e925.js"],"component---src-pages-starategy-js":["/component---src-pages-starategy-js-f5a7646db214c6303a3d.js"],"component---src-pages-technology-js":["/component---src-pages-technology-js-038b3e1830fd4da2b25d.js"],"component---src-pages-using-typescript-tsx":["/component---src-pages-using-typescript-tsx-2f9b97cf148785549d09.js"],"component---src-templates-blog-post-js":["/component---src-templates-blog-post-js-9c043c7c469e6886eb1e.js"]}