{"polyfill":["/polyfill-67664a8ccc6c9f02b880.js"],"app":["/app-4c40e0253dd9f6ba48dc.js"],"component---src-pages-404-js":["/component---src-pages-404-js-27981ca7dd461cb4280e.js"],"component---src-pages-about-js":["/component---src-pages-about-js-b012116dee8445860dac.js"],"component---src-pages-blog-js":["/component---src-pages-blog-js-79492fc87db8146fa8d3.js"],"component---src-pages-careers-js":["/component---src-pages-careers-js-077480ecb071b87bcb05.js"],"component---src-pages-contact-js":["/component---src-pages-contact-js-76f9caf31bec2a161eeb.js"],"component---src-pages-digital-transformation-js":["/component---src-pages-digital-transformation-js-b62a1cbdb90bb73d321b.js"],"component---src-pages-index-js":["/component---src-pages-index-js-d3e81d609b03d4c3a657.js"],"component---src-pages-mobedo-story-js":["/component---src-pages-mobedo-story-js-d4c65fde7eb8b1c5033e.js"],"component---src-pages-privacypolicy-js":["/component---src-pages-privacypolicy-js-9f1b6b432aadc36ba256.js"],"component---src-pages-shared-services-js":["/component---src-pages-shared-services-js-ecbb93cd868c2a80b4ce.js"],"component---src-pages-starategy-js":["/component---src-pages-starategy-js-2eca9ba827b419e3510b.js"],"component---src-pages-strategy-js":["/component---src-pages-strategy-js-6845a570d94f8b403ae1.js"],"component---src-pages-technology-js":["/component---src-pages-technology-js-1b4fbf8c7d407d4e7043.js"],"component---src-pages-using-typescript-tsx":["/component---src-pages-using-typescript-tsx-2f9b97cf148785549d09.js"],"component---src-templates-blog-post-js":["/component---src-templates-blog-post-js-9c043c7c469e6886eb1e.js"]}