{"polyfill":["/polyfill-67664a8ccc6c9f02b880.js"],"app":["/app-b9bc2a66f4856086ac8a.js"],"component---src-pages-404-js":["/component---src-pages-404-js-27981ca7dd461cb4280e.js"],"component---src-pages-about-js":["/component---src-pages-about-js-e47774c5db5a0b3194c7.js"],"component---src-pages-blog-js":["/component---src-pages-blog-js-79492fc87db8146fa8d3.js"],"component---src-pages-careers-js":["/component---src-pages-careers-js-a5aaee1f29e4985fba22.js"],"component---src-pages-contact-js":["/component---src-pages-contact-js-7565a44e78ec9e417910.js"],"component---src-pages-digital-transformation-js":["/component---src-pages-digital-transformation-js-90edb883283ba1d94e77.js"],"component---src-pages-index-js":["/component---src-pages-index-js-ced9dbc0db7dfe805312.js"],"component---src-pages-mobedo-story-js":["/component---src-pages-mobedo-story-js-d4c65fde7eb8b1c5033e.js"],"component---src-pages-privacypolicy-js":["/component---src-pages-privacypolicy-js-9f1b6b432aadc36ba256.js"],"component---src-pages-shared-services-js":["/component---src-pages-shared-services-js-efb66b7664253a9f2259.js"],"component---src-pages-starategy-js":["/component---src-pages-starategy-js-77a985b445d4f9c98aef.js"],"component---src-pages-technology-js":["/component---src-pages-technology-js-299ddae2d1d5be5aa56e.js"],"component---src-pages-using-typescript-tsx":["/component---src-pages-using-typescript-tsx-2f9b97cf148785549d09.js"],"component---src-templates-blog-post-js":["/component---src-templates-blog-post-js-9c043c7c469e6886eb1e.js"]}