{"name":"build-javascript","namedChunkGroups":{"polyfill":{"name":"polyfill","assets":[{"name":"webpack-runtime-68092db9fd363f8b43db.js","size":6235},{"name":"polyfill-67664a8ccc6c9f02b880.js","size":85856}],"filteredAssets":0,"assetsSize":92091,"filteredAuxiliaryAssets":2,"auxiliaryAssetsSize":229857},"app":{"name":"app","assets":[{"name":"webpack-runtime-68092db9fd363f8b43db.js","size":6235},{"name":"framework-d91dc22f9c6070178d07.js","size":206120},{"name":"styles.0bbb9ce22920ca24f7b8.css","size":194102},{"name":"app-4c40e0253dd9f6ba48dc.js","size":69407}],"filteredAssets":0,"assetsSize":475864,"filteredAuxiliaryAssets":55,"auxiliaryAssetsSize":1901894},"component---src-pages-404-js":{"name":"component---src-pages-404-js","assets":[{"name":"9823def0f0e3e77a6a0a0a70a9634b9df29ec52f-cb5417298f917bb5188a.js","size":16205},{"name":"component---src-pages-404-js-27981ca7dd461cb4280e.js","size":548}],"filteredAssets":0,"assetsSize":16753,"filteredAuxiliaryAssets":2,"auxiliaryAssetsSize":69585},"component---src-pages-about-js":{"name":"component---src-pages-about-js","assets":[{"name":"framework-d91dc22f9c6070178d07.js","size":206120},{"name":"styles.0bbb9ce22920ca24f7b8.css","size":194102},{"name":"d5957709c26002ffb29a83b33063ab8ad5db6274-97dd1b134dd2377953fa.js","size":45977},{"name":"2a3314d782bb31842bfa8cb4a10c9f88dfb01d0c-1cb52cbf4d6ba9053eaf.js","size":58900},{"name":"component---src-pages-about-js-b012116dee8445860dac.js","size":10359}],"filteredAssets":0,"assetsSize":515458,"filteredAuxiliaryAssets":56,"auxiliaryAssetsSize":2109228},"component---src-pages-blog-js":{"name":"component---src-pages-blog-js","assets":[{"name":"framework-d91dc22f9c6070178d07.js","size":206120},{"name":"styles.0bbb9ce22920ca24f7b8.css","size":194102},{"name":"d5957709c26002ffb29a83b33063ab8ad5db6274-97dd1b134dd2377953fa.js","size":45977},{"name":"2a3314d782bb31842bfa8cb4a10c9f88dfb01d0c-1cb52cbf4d6ba9053eaf.js","size":58900},{"name":"9823def0f0e3e77a6a0a0a70a9634b9df29ec52f-cb5417298f917bb5188a.js","size":16205},{"name":"b4f28b8dde38944e0d9167a2fa550033034c9e0b-c257caddaf1a16c04631.js","size":14676},{"name":"component---src-pages-blog-js-79492fc87db8146fa8d3.js","size":1669}],"filteredAssets":0,"assetsSize":537649,"filteredAuxiliaryAssets":58,"auxiliaryAssetsSize":2233792},"component---src-pages-careers-js":{"name":"component---src-pages-careers-js","assets":[{"name":"framework-d91dc22f9c6070178d07.js","size":206120},{"name":"styles.0bbb9ce22920ca24f7b8.css","size":194102},{"name":"d5957709c26002ffb29a83b33063ab8ad5db6274-97dd1b134dd2377953fa.js","size":45977},{"name":"2a3314d782bb31842bfa8cb4a10c9f88dfb01d0c-1cb52cbf4d6ba9053eaf.js","size":58900},{"name":"eef47fdf38e98d55065738ed088684cbf747839b-1f72f4af7c391092032e.js","size":18419},{"name":"component---src-pages-careers-js-077480ecb071b87bcb05.js","size":2558}],"filteredAssets":0,"assetsSize":526076,"filteredAuxiliaryAssets":57,"auxiliaryAssetsSize":2157935},"component---src-pages-contact-js":{"name":"component---src-pages-contact-js","assets":[{"name":"framework-d91dc22f9c6070178d07.js","size":206120},{"name":"styles.0bbb9ce22920ca24f7b8.css","size":194102},{"name":"d5957709c26002ffb29a83b33063ab8ad5db6274-97dd1b134dd2377953fa.js","size":45977},{"name":"2a3314d782bb31842bfa8cb4a10c9f88dfb01d0c-1cb52cbf4d6ba9053eaf.js","size":58900},{"name":"eef47fdf38e98d55065738ed088684cbf747839b-1f72f4af7c391092032e.js","size":18419},{"name":"component---src-pages-contact-js-76f9caf31bec2a161eeb.js","size":1563}],"filteredAssets":0,"assetsSize":525081,"filteredAuxiliaryAssets":57,"auxiliaryAssetsSize":2149683},"component---src-pages-digital-transformation-js":{"name":"component---src-pages-digital-transformation-js","assets":[{"name":"framework-d91dc22f9c6070178d07.js","size":206120},{"name":"styles.0bbb9ce22920ca24f7b8.css","size":194102},{"name":"d5957709c26002ffb29a83b33063ab8ad5db6274-97dd1b134dd2377953fa.js","size":45977},{"name":"2a3314d782bb31842bfa8cb4a10c9f88dfb01d0c-1cb52cbf4d6ba9053eaf.js","size":58900},{"name":"component---src-pages-digital-transformation-js-b62a1cbdb90bb73d321b.js","size":14391}],"filteredAssets":0,"assetsSize":519490,"filteredAuxiliaryAssets":56,"auxiliaryAssetsSize":2114935},"component---src-pages-index-js":{"name":"component---src-pages-index-js","assets":[{"name":"framework-d91dc22f9c6070178d07.js","size":206120},{"name":"styles.0bbb9ce22920ca24f7b8.css","size":194102},{"name":"d5957709c26002ffb29a83b33063ab8ad5db6274-97dd1b134dd2377953fa.js","size":45977},{"name":"2a3314d782bb31842bfa8cb4a10c9f88dfb01d0c-1cb52cbf4d6ba9053eaf.js","size":58900},{"name":"component---src-pages-index-js-d3e81d609b03d4c3a657.js","size":8739}],"filteredAssets":0,"assetsSize":513838,"filteredAuxiliaryAssets":56,"auxiliaryAssetsSize":2109380},"component---src-pages-mobedo-story-js":{"name":"component---src-pages-mobedo-story-js","assets":[{"name":"framework-d91dc22f9c6070178d07.js","size":206120},{"name":"styles.0bbb9ce22920ca24f7b8.css","size":194102},{"name":"d5957709c26002ffb29a83b33063ab8ad5db6274-97dd1b134dd2377953fa.js","size":45977},{"name":"component---src-pages-mobedo-story-js-d4c65fde7eb8b1c5033e.js","size":4580}],"filteredAssets":0,"assetsSize":450779,"filteredAuxiliaryAssets":55,"auxiliaryAssetsSize":1816117},"component---src-pages-privacypolicy-js":{"name":"component---src-pages-privacypolicy-js","assets":[{"name":"framework-d91dc22f9c6070178d07.js","size":206120},{"name":"styles.0bbb9ce22920ca24f7b8.css","size":194102},{"name":"d5957709c26002ffb29a83b33063ab8ad5db6274-97dd1b134dd2377953fa.js","size":45977},{"name":"2a3314d782bb31842bfa8cb4a10c9f88dfb01d0c-1cb52cbf4d6ba9053eaf.js","size":58900},{"name":"component---src-pages-privacypolicy-js-9f1b6b432aadc36ba256.js","size":578}],"filteredAssets":0,"assetsSize":505677,"filteredAuxiliaryAssets":56,"auxiliaryAssetsSize":2081805},"component---src-pages-shared-services-js":{"name":"component---src-pages-shared-services-js","assets":[{"name":"framework-d91dc22f9c6070178d07.js","size":206120},{"name":"styles.0bbb9ce22920ca24f7b8.css","size":194102},{"name":"d5957709c26002ffb29a83b33063ab8ad5db6274-97dd1b134dd2377953fa.js","size":45977},{"name":"2a3314d782bb31842bfa8cb4a10c9f88dfb01d0c-1cb52cbf4d6ba9053eaf.js","size":58900},{"name":"component---src-pages-shared-services-js-ecbb93cd868c2a80b4ce.js","size":10797}],"filteredAssets":0,"assetsSize":515896,"filteredAuxiliaryAssets":56,"auxiliaryAssetsSize":2110338},"component---src-pages-starategy-js":{"name":"component---src-pages-starategy-js","assets":[{"name":"framework-d91dc22f9c6070178d07.js","size":206120},{"name":"styles.0bbb9ce22920ca24f7b8.css","size":194102},{"name":"d5957709c26002ffb29a83b33063ab8ad5db6274-97dd1b134dd2377953fa.js","size":45977},{"name":"2a3314d782bb31842bfa8cb4a10c9f88dfb01d0c-1cb52cbf4d6ba9053eaf.js","size":58900},{"name":"component---src-pages-starategy-js-2eca9ba827b419e3510b.js","size":12517}],"filteredAssets":0,"assetsSize":517616,"filteredAuxiliaryAssets":56,"auxiliaryAssetsSize":2111751},"component---src-pages-strategy-js":{"name":"component---src-pages-strategy-js","assets":[{"name":"framework-d91dc22f9c6070178d07.js","size":206120},{"name":"styles.0bbb9ce22920ca24f7b8.css","size":194102},{"name":"d5957709c26002ffb29a83b33063ab8ad5db6274-97dd1b134dd2377953fa.js","size":45977},{"name":"2a3314d782bb31842bfa8cb4a10c9f88dfb01d0c-1cb52cbf4d6ba9053eaf.js","size":58900},{"name":"component---src-pages-strategy-js-6845a570d94f8b403ae1.js","size":12517}],"filteredAssets":0,"assetsSize":517616,"filteredAuxiliaryAssets":56,"auxiliaryAssetsSize":2111747},"component---src-pages-technology-js":{"name":"component---src-pages-technology-js","assets":[{"name":"framework-d91dc22f9c6070178d07.js","size":206120},{"name":"styles.0bbb9ce22920ca24f7b8.css","size":194102},{"name":"d5957709c26002ffb29a83b33063ab8ad5db6274-97dd1b134dd2377953fa.js","size":45977},{"name":"2a3314d782bb31842bfa8cb4a10c9f88dfb01d0c-1cb52cbf4d6ba9053eaf.js","size":58900},{"name":"component---src-pages-technology-js-1b4fbf8c7d407d4e7043.js","size":13796}],"filteredAssets":0,"assetsSize":518895,"filteredAuxiliaryAssets":56,"auxiliaryAssetsSize":2114406},"component---src-pages-using-typescript-tsx":{"name":"component---src-pages-using-typescript-tsx","assets":[{"name":"9823def0f0e3e77a6a0a0a70a9634b9df29ec52f-cb5417298f917bb5188a.js","size":16205},{"name":"component---src-pages-using-typescript-tsx-2f9b97cf148785549d09.js","size":1370}],"filteredAssets":0,"assetsSize":17575,"filteredAuxiliaryAssets":2,"auxiliaryAssetsSize":71050},"component---src-templates-blog-post-js":{"name":"component---src-templates-blog-post-js","assets":[{"name":"framework-d91dc22f9c6070178d07.js","size":206120},{"name":"styles.0bbb9ce22920ca24f7b8.css","size":194102},{"name":"d5957709c26002ffb29a83b33063ab8ad5db6274-97dd1b134dd2377953fa.js","size":45977},{"name":"2a3314d782bb31842bfa8cb4a10c9f88dfb01d0c-1cb52cbf4d6ba9053eaf.js","size":58900},{"name":"9823def0f0e3e77a6a0a0a70a9634b9df29ec52f-cb5417298f917bb5188a.js","size":16205},{"name":"b4f28b8dde38944e0d9167a2fa550033034c9e0b-c257caddaf1a16c04631.js","size":14676},{"name":"component---src-templates-blog-post-js-9c043c7c469e6886eb1e.js","size":1621}],"filteredAssets":0,"assetsSize":537601,"filteredAuxiliaryAssets":58,"auxiliaryAssetsSize":2234029}},"assetsByChunkName":{"polyfill":["webpack-runtime-68092db9fd363f8b43db.js","polyfill-67664a8ccc6c9f02b880.js"],"app":["webpack-runtime-68092db9fd363f8b43db.js","framework-d91dc22f9c6070178d07.js","styles.0bbb9ce22920ca24f7b8.css","app-4c40e0253dd9f6ba48dc.js"],"component---src-pages-404-js":["9823def0f0e3e77a6a0a0a70a9634b9df29ec52f-cb5417298f917bb5188a.js","component---src-pages-404-js-27981ca7dd461cb4280e.js"],"component---src-pages-about-js":["framework-d91dc22f9c6070178d07.js","styles.0bbb9ce22920ca24f7b8.css","d5957709c26002ffb29a83b33063ab8ad5db6274-97dd1b134dd2377953fa.js","2a3314d782bb31842bfa8cb4a10c9f88dfb01d0c-1cb52cbf4d6ba9053eaf.js","component---src-pages-about-js-b012116dee8445860dac.js"],"component---src-pages-blog-js":["framework-d91dc22f9c6070178d07.js","styles.0bbb9ce22920ca24f7b8.css","d5957709c26002ffb29a83b33063ab8ad5db6274-97dd1b134dd2377953fa.js","2a3314d782bb31842bfa8cb4a10c9f88dfb01d0c-1cb52cbf4d6ba9053eaf.js","9823def0f0e3e77a6a0a0a70a9634b9df29ec52f-cb5417298f917bb5188a.js","b4f28b8dde38944e0d9167a2fa550033034c9e0b-c257caddaf1a16c04631.js","component---src-pages-blog-js-79492fc87db8146fa8d3.js"],"component---src-pages-careers-js":["framework-d91dc22f9c6070178d07.js","styles.0bbb9ce22920ca24f7b8.css","d5957709c26002ffb29a83b33063ab8ad5db6274-97dd1b134dd2377953fa.js","2a3314d782bb31842bfa8cb4a10c9f88dfb01d0c-1cb52cbf4d6ba9053eaf.js","eef47fdf38e98d55065738ed088684cbf747839b-1f72f4af7c391092032e.js","component---src-pages-careers-js-077480ecb071b87bcb05.js"],"component---src-pages-contact-js":["framework-d91dc22f9c6070178d07.js","styles.0bbb9ce22920ca24f7b8.css","d5957709c26002ffb29a83b33063ab8ad5db6274-97dd1b134dd2377953fa.js","2a3314d782bb31842bfa8cb4a10c9f88dfb01d0c-1cb52cbf4d6ba9053eaf.js","eef47fdf38e98d55065738ed088684cbf747839b-1f72f4af7c391092032e.js","component---src-pages-contact-js-76f9caf31bec2a161eeb.js"],"component---src-pages-digital-transformation-js":["framework-d91dc22f9c6070178d07.js","styles.0bbb9ce22920ca24f7b8.css","d5957709c26002ffb29a83b33063ab8ad5db6274-97dd1b134dd2377953fa.js","2a3314d782bb31842bfa8cb4a10c9f88dfb01d0c-1cb52cbf4d6ba9053eaf.js","component---src-pages-digital-transformation-js-b62a1cbdb90bb73d321b.js"],"component---src-pages-index-js":["framework-d91dc22f9c6070178d07.js","styles.0bbb9ce22920ca24f7b8.css","d5957709c26002ffb29a83b33063ab8ad5db6274-97dd1b134dd2377953fa.js","2a3314d782bb31842bfa8cb4a10c9f88dfb01d0c-1cb52cbf4d6ba9053eaf.js","component---src-pages-index-js-d3e81d609b03d4c3a657.js"],"component---src-pages-mobedo-story-js":["framework-d91dc22f9c6070178d07.js","styles.0bbb9ce22920ca24f7b8.css","d5957709c26002ffb29a83b33063ab8ad5db6274-97dd1b134dd2377953fa.js","component---src-pages-mobedo-story-js-d4c65fde7eb8b1c5033e.js"],"component---src-pages-privacypolicy-js":["framework-d91dc22f9c6070178d07.js","styles.0bbb9ce22920ca24f7b8.css","d5957709c26002ffb29a83b33063ab8ad5db6274-97dd1b134dd2377953fa.js","2a3314d782bb31842bfa8cb4a10c9f88dfb01d0c-1cb52cbf4d6ba9053eaf.js","component---src-pages-privacypolicy-js-9f1b6b432aadc36ba256.js"],"component---src-pages-shared-services-js":["framework-d91dc22f9c6070178d07.js","styles.0bbb9ce22920ca24f7b8.css","d5957709c26002ffb29a83b33063ab8ad5db6274-97dd1b134dd2377953fa.js","2a3314d782bb31842bfa8cb4a10c9f88dfb01d0c-1cb52cbf4d6ba9053eaf.js","component---src-pages-shared-services-js-ecbb93cd868c2a80b4ce.js"],"component---src-pages-starategy-js":["framework-d91dc22f9c6070178d07.js","styles.0bbb9ce22920ca24f7b8.css","d5957709c26002ffb29a83b33063ab8ad5db6274-97dd1b134dd2377953fa.js","2a3314d782bb31842bfa8cb4a10c9f88dfb01d0c-1cb52cbf4d6ba9053eaf.js","component---src-pages-starategy-js-2eca9ba827b419e3510b.js"],"component---src-pages-strategy-js":["framework-d91dc22f9c6070178d07.js","styles.0bbb9ce22920ca24f7b8.css","d5957709c26002ffb29a83b33063ab8ad5db6274-97dd1b134dd2377953fa.js","2a3314d782bb31842bfa8cb4a10c9f88dfb01d0c-1cb52cbf4d6ba9053eaf.js","component---src-pages-strategy-js-6845a570d94f8b403ae1.js"],"component---src-pages-technology-js":["framework-d91dc22f9c6070178d07.js","styles.0bbb9ce22920ca24f7b8.css","d5957709c26002ffb29a83b33063ab8ad5db6274-97dd1b134dd2377953fa.js","2a3314d782bb31842bfa8cb4a10c9f88dfb01d0c-1cb52cbf4d6ba9053eaf.js","component---src-pages-technology-js-1b4fbf8c7d407d4e7043.js"],"component---src-pages-using-typescript-tsx":["9823def0f0e3e77a6a0a0a70a9634b9df29ec52f-cb5417298f917bb5188a.js","component---src-pages-using-typescript-tsx-2f9b97cf148785549d09.js"],"component---src-templates-blog-post-js":["framework-d91dc22f9c6070178d07.js","styles.0bbb9ce22920ca24f7b8.css","d5957709c26002ffb29a83b33063ab8ad5db6274-97dd1b134dd2377953fa.js","2a3314d782bb31842bfa8cb4a10c9f88dfb01d0c-1cb52cbf4d6ba9053eaf.js","9823def0f0e3e77a6a0a0a70a9634b9df29ec52f-cb5417298f917bb5188a.js","b4f28b8dde38944e0d9167a2fa550033034c9e0b-c257caddaf1a16c04631.js","component---src-templates-blog-post-js-9c043c7c469e6886eb1e.js"]},"childAssetsByChunkName":{}}