{"name":"build-javascript","namedChunkGroups":{"polyfill":{"name":"polyfill","assets":[{"name":"webpack-runtime-dd1e93913c738a6be82f.js","size":6168},{"name":"polyfill-67664a8ccc6c9f02b880.js","size":85856}],"filteredAssets":0,"assetsSize":92024,"filteredAuxiliaryAssets":2,"auxiliaryAssetsSize":229754},"app":{"name":"app","assets":[{"name":"webpack-runtime-dd1e93913c738a6be82f.js","size":6168},{"name":"framework-d91dc22f9c6070178d07.js","size":206120},{"name":"styles.7b0da4f9074fbad7f4a9.css","size":188470},{"name":"app-b9bc2a66f4856086ac8a.js","size":69242}],"filteredAssets":0,"assetsSize":470000,"filteredAuxiliaryAssets":55,"auxiliaryAssetsSize":1901568},"component---src-pages-404-js":{"name":"component---src-pages-404-js","assets":[{"name":"9823def0f0e3e77a6a0a0a70a9634b9df29ec52f-cb5417298f917bb5188a.js","size":16205},{"name":"component---src-pages-404-js-27981ca7dd461cb4280e.js","size":548}],"filteredAssets":0,"assetsSize":16753,"filteredAuxiliaryAssets":2,"auxiliaryAssetsSize":69585},"component---src-pages-about-js":{"name":"component---src-pages-about-js","assets":[{"name":"framework-d91dc22f9c6070178d07.js","size":206120},{"name":"styles.7b0da4f9074fbad7f4a9.css","size":188470},{"name":"d11e6306e3e633d4276f1e9a6a6912d23b335703-edf1bb3ac8b84d556089.js","size":45977},{"name":"2ce38460ca867b7bc977f271128993fa7b6a1bf2-230ff9a333bf8c7026c8.js","size":55733},{"name":"component---src-pages-about-js-e47774c5db5a0b3194c7.js","size":10219}],"filteredAssets":0,"assetsSize":506519,"filteredAuxiliaryAssets":56,"auxiliaryAssetsSize":2098256},"component---src-pages-blog-js":{"name":"component---src-pages-blog-js","assets":[{"name":"framework-d91dc22f9c6070178d07.js","size":206120},{"name":"styles.7b0da4f9074fbad7f4a9.css","size":188470},{"name":"d11e6306e3e633d4276f1e9a6a6912d23b335703-edf1bb3ac8b84d556089.js","size":45977},{"name":"2ce38460ca867b7bc977f271128993fa7b6a1bf2-230ff9a333bf8c7026c8.js","size":55733},{"name":"9823def0f0e3e77a6a0a0a70a9634b9df29ec52f-cb5417298f917bb5188a.js","size":16205},{"name":"b4f28b8dde38944e0d9167a2fa550033034c9e0b-c257caddaf1a16c04631.js","size":14676},{"name":"component---src-pages-blog-js-79492fc87db8146fa8d3.js","size":1669}],"filteredAssets":0,"assetsSize":528850,"filteredAuxiliaryAssets":58,"auxiliaryAssetsSize":2222998},"component---src-pages-careers-js":{"name":"component---src-pages-careers-js","assets":[{"name":"framework-d91dc22f9c6070178d07.js","size":206120},{"name":"styles.7b0da4f9074fbad7f4a9.css","size":188470},{"name":"d11e6306e3e633d4276f1e9a6a6912d23b335703-edf1bb3ac8b84d556089.js","size":45977},{"name":"2ce38460ca867b7bc977f271128993fa7b6a1bf2-230ff9a333bf8c7026c8.js","size":55733},{"name":"eef47fdf38e98d55065738ed088684cbf747839b-1f72f4af7c391092032e.js","size":18419},{"name":"component---src-pages-careers-js-a5aaee1f29e4985fba22.js","size":2358}],"filteredAssets":0,"assetsSize":517077,"filteredAuxiliaryAssets":57,"auxiliaryAssetsSize":2145879},"component---src-pages-contact-js":{"name":"component---src-pages-contact-js","assets":[{"name":"framework-d91dc22f9c6070178d07.js","size":206120},{"name":"styles.7b0da4f9074fbad7f4a9.css","size":188470},{"name":"d11e6306e3e633d4276f1e9a6a6912d23b335703-edf1bb3ac8b84d556089.js","size":45977},{"name":"2ce38460ca867b7bc977f271128993fa7b6a1bf2-230ff9a333bf8c7026c8.js","size":55733},{"name":"eef47fdf38e98d55065738ed088684cbf747839b-1f72f4af7c391092032e.js","size":18419},{"name":"component---src-pages-contact-js-7565a44e78ec9e417910.js","size":1523}],"filteredAssets":0,"assetsSize":516242,"filteredAuxiliaryAssets":57,"auxiliaryAssetsSize":2138836},"component---src-pages-digital-transformation-js":{"name":"component---src-pages-digital-transformation-js","assets":[{"name":"framework-d91dc22f9c6070178d07.js","size":206120},{"name":"styles.7b0da4f9074fbad7f4a9.css","size":188470},{"name":"d11e6306e3e633d4276f1e9a6a6912d23b335703-edf1bb3ac8b84d556089.js","size":45977},{"name":"2ce38460ca867b7bc977f271128993fa7b6a1bf2-230ff9a333bf8c7026c8.js","size":55733},{"name":"component---src-pages-digital-transformation-js-90edb883283ba1d94e77.js","size":13842}],"filteredAssets":0,"assetsSize":510142,"filteredAuxiliaryAssets":56,"auxiliaryAssetsSize":2103340},"component---src-pages-index-js":{"name":"component---src-pages-index-js","assets":[{"name":"framework-d91dc22f9c6070178d07.js","size":206120},{"name":"styles.7b0da4f9074fbad7f4a9.css","size":188470},{"name":"d11e6306e3e633d4276f1e9a6a6912d23b335703-edf1bb3ac8b84d556089.js","size":45977},{"name":"2ce38460ca867b7bc977f271128993fa7b6a1bf2-230ff9a333bf8c7026c8.js","size":55733},{"name":"component---src-pages-index-js-ced9dbc0db7dfe805312.js","size":8180}],"filteredAssets":0,"assetsSize":504480,"filteredAuxiliaryAssets":56,"auxiliaryAssetsSize":2097678},"component---src-pages-mobedo-story-js":{"name":"component---src-pages-mobedo-story-js","assets":[{"name":"framework-d91dc22f9c6070178d07.js","size":206120},{"name":"styles.7b0da4f9074fbad7f4a9.css","size":188470},{"name":"d11e6306e3e633d4276f1e9a6a6912d23b335703-edf1bb3ac8b84d556089.js","size":45977},{"name":"component---src-pages-mobedo-story-js-d4c65fde7eb8b1c5033e.js","size":4580}],"filteredAssets":0,"assetsSize":445147,"filteredAuxiliaryAssets":55,"auxiliaryAssetsSize":1816117},"component---src-pages-privacypolicy-js":{"name":"component---src-pages-privacypolicy-js","assets":[{"name":"framework-d91dc22f9c6070178d07.js","size":206120},{"name":"styles.7b0da4f9074fbad7f4a9.css","size":188470},{"name":"d11e6306e3e633d4276f1e9a6a6912d23b335703-edf1bb3ac8b84d556089.js","size":45977},{"name":"2ce38460ca867b7bc977f271128993fa7b6a1bf2-230ff9a333bf8c7026c8.js","size":55733},{"name":"component---src-pages-privacypolicy-js-9f1b6b432aadc36ba256.js","size":578}],"filteredAssets":0,"assetsSize":496878,"filteredAuxiliaryAssets":56,"auxiliaryAssetsSize":2071011},"component---src-pages-shared-services-js":{"name":"component---src-pages-shared-services-js","assets":[{"name":"framework-d91dc22f9c6070178d07.js","size":206120},{"name":"styles.7b0da4f9074fbad7f4a9.css","size":188470},{"name":"d11e6306e3e633d4276f1e9a6a6912d23b335703-edf1bb3ac8b84d556089.js","size":45977},{"name":"2ce38460ca867b7bc977f271128993fa7b6a1bf2-230ff9a333bf8c7026c8.js","size":55733},{"name":"component---src-pages-shared-services-js-efb66b7664253a9f2259.js","size":10422}],"filteredAssets":0,"assetsSize":506722,"filteredAuxiliaryAssets":56,"auxiliaryAssetsSize":2099024},"component---src-pages-starategy-js":{"name":"component---src-pages-starategy-js","assets":[{"name":"framework-d91dc22f9c6070178d07.js","size":206120},{"name":"styles.7b0da4f9074fbad7f4a9.css","size":188470},{"name":"d11e6306e3e633d4276f1e9a6a6912d23b335703-edf1bb3ac8b84d556089.js","size":45977},{"name":"2ce38460ca867b7bc977f271128993fa7b6a1bf2-230ff9a333bf8c7026c8.js","size":55733},{"name":"component---src-pages-starategy-js-77a985b445d4f9c98aef.js","size":12227}],"filteredAssets":0,"assetsSize":508527,"filteredAuxiliaryAssets":56,"auxiliaryAssetsSize":2100481},"component---src-pages-technology-js":{"name":"component---src-pages-technology-js","assets":[{"name":"framework-d91dc22f9c6070178d07.js","size":206120},{"name":"styles.7b0da4f9074fbad7f4a9.css","size":188470},{"name":"d11e6306e3e633d4276f1e9a6a6912d23b335703-edf1bb3ac8b84d556089.js","size":45977},{"name":"2ce38460ca867b7bc977f271128993fa7b6a1bf2-230ff9a333bf8c7026c8.js","size":55733},{"name":"component---src-pages-technology-js-299ddae2d1d5be5aa56e.js","size":13392}],"filteredAssets":0,"assetsSize":509692,"filteredAuxiliaryAssets":56,"auxiliaryAssetsSize":2102994},"component---src-pages-using-typescript-tsx":{"name":"component---src-pages-using-typescript-tsx","assets":[{"name":"9823def0f0e3e77a6a0a0a70a9634b9df29ec52f-cb5417298f917bb5188a.js","size":16205},{"name":"component---src-pages-using-typescript-tsx-2f9b97cf148785549d09.js","size":1370}],"filteredAssets":0,"assetsSize":17575,"filteredAuxiliaryAssets":2,"auxiliaryAssetsSize":71050},"component---src-templates-blog-post-js":{"name":"component---src-templates-blog-post-js","assets":[{"name":"framework-d91dc22f9c6070178d07.js","size":206120},{"name":"styles.7b0da4f9074fbad7f4a9.css","size":188470},{"name":"d11e6306e3e633d4276f1e9a6a6912d23b335703-edf1bb3ac8b84d556089.js","size":45977},{"name":"2ce38460ca867b7bc977f271128993fa7b6a1bf2-230ff9a333bf8c7026c8.js","size":55733},{"name":"9823def0f0e3e77a6a0a0a70a9634b9df29ec52f-cb5417298f917bb5188a.js","size":16205},{"name":"b4f28b8dde38944e0d9167a2fa550033034c9e0b-c257caddaf1a16c04631.js","size":14676},{"name":"component---src-templates-blog-post-js-9c043c7c469e6886eb1e.js","size":1621}],"filteredAssets":0,"assetsSize":528802,"filteredAuxiliaryAssets":58,"auxiliaryAssetsSize":2223235}},"assetsByChunkName":{"polyfill":["webpack-runtime-dd1e93913c738a6be82f.js","polyfill-67664a8ccc6c9f02b880.js"],"app":["webpack-runtime-dd1e93913c738a6be82f.js","framework-d91dc22f9c6070178d07.js","styles.7b0da4f9074fbad7f4a9.css","app-b9bc2a66f4856086ac8a.js"],"component---src-pages-404-js":["9823def0f0e3e77a6a0a0a70a9634b9df29ec52f-cb5417298f917bb5188a.js","component---src-pages-404-js-27981ca7dd461cb4280e.js"],"component---src-pages-about-js":["framework-d91dc22f9c6070178d07.js","styles.7b0da4f9074fbad7f4a9.css","d11e6306e3e633d4276f1e9a6a6912d23b335703-edf1bb3ac8b84d556089.js","2ce38460ca867b7bc977f271128993fa7b6a1bf2-230ff9a333bf8c7026c8.js","component---src-pages-about-js-e47774c5db5a0b3194c7.js"],"component---src-pages-blog-js":["framework-d91dc22f9c6070178d07.js","styles.7b0da4f9074fbad7f4a9.css","d11e6306e3e633d4276f1e9a6a6912d23b335703-edf1bb3ac8b84d556089.js","2ce38460ca867b7bc977f271128993fa7b6a1bf2-230ff9a333bf8c7026c8.js","9823def0f0e3e77a6a0a0a70a9634b9df29ec52f-cb5417298f917bb5188a.js","b4f28b8dde38944e0d9167a2fa550033034c9e0b-c257caddaf1a16c04631.js","component---src-pages-blog-js-79492fc87db8146fa8d3.js"],"component---src-pages-careers-js":["framework-d91dc22f9c6070178d07.js","styles.7b0da4f9074fbad7f4a9.css","d11e6306e3e633d4276f1e9a6a6912d23b335703-edf1bb3ac8b84d556089.js","2ce38460ca867b7bc977f271128993fa7b6a1bf2-230ff9a333bf8c7026c8.js","eef47fdf38e98d55065738ed088684cbf747839b-1f72f4af7c391092032e.js","component---src-pages-careers-js-a5aaee1f29e4985fba22.js"],"component---src-pages-contact-js":["framework-d91dc22f9c6070178d07.js","styles.7b0da4f9074fbad7f4a9.css","d11e6306e3e633d4276f1e9a6a6912d23b335703-edf1bb3ac8b84d556089.js","2ce38460ca867b7bc977f271128993fa7b6a1bf2-230ff9a333bf8c7026c8.js","eef47fdf38e98d55065738ed088684cbf747839b-1f72f4af7c391092032e.js","component---src-pages-contact-js-7565a44e78ec9e417910.js"],"component---src-pages-digital-transformation-js":["framework-d91dc22f9c6070178d07.js","styles.7b0da4f9074fbad7f4a9.css","d11e6306e3e633d4276f1e9a6a6912d23b335703-edf1bb3ac8b84d556089.js","2ce38460ca867b7bc977f271128993fa7b6a1bf2-230ff9a333bf8c7026c8.js","component---src-pages-digital-transformation-js-90edb883283ba1d94e77.js"],"component---src-pages-index-js":["framework-d91dc22f9c6070178d07.js","styles.7b0da4f9074fbad7f4a9.css","d11e6306e3e633d4276f1e9a6a6912d23b335703-edf1bb3ac8b84d556089.js","2ce38460ca867b7bc977f271128993fa7b6a1bf2-230ff9a333bf8c7026c8.js","component---src-pages-index-js-ced9dbc0db7dfe805312.js"],"component---src-pages-mobedo-story-js":["framework-d91dc22f9c6070178d07.js","styles.7b0da4f9074fbad7f4a9.css","d11e6306e3e633d4276f1e9a6a6912d23b335703-edf1bb3ac8b84d556089.js","component---src-pages-mobedo-story-js-d4c65fde7eb8b1c5033e.js"],"component---src-pages-privacypolicy-js":["framework-d91dc22f9c6070178d07.js","styles.7b0da4f9074fbad7f4a9.css","d11e6306e3e633d4276f1e9a6a6912d23b335703-edf1bb3ac8b84d556089.js","2ce38460ca867b7bc977f271128993fa7b6a1bf2-230ff9a333bf8c7026c8.js","component---src-pages-privacypolicy-js-9f1b6b432aadc36ba256.js"],"component---src-pages-shared-services-js":["framework-d91dc22f9c6070178d07.js","styles.7b0da4f9074fbad7f4a9.css","d11e6306e3e633d4276f1e9a6a6912d23b335703-edf1bb3ac8b84d556089.js","2ce38460ca867b7bc977f271128993fa7b6a1bf2-230ff9a333bf8c7026c8.js","component---src-pages-shared-services-js-efb66b7664253a9f2259.js"],"component---src-pages-starategy-js":["framework-d91dc22f9c6070178d07.js","styles.7b0da4f9074fbad7f4a9.css","d11e6306e3e633d4276f1e9a6a6912d23b335703-edf1bb3ac8b84d556089.js","2ce38460ca867b7bc977f271128993fa7b6a1bf2-230ff9a333bf8c7026c8.js","component---src-pages-starategy-js-77a985b445d4f9c98aef.js"],"component---src-pages-technology-js":["framework-d91dc22f9c6070178d07.js","styles.7b0da4f9074fbad7f4a9.css","d11e6306e3e633d4276f1e9a6a6912d23b335703-edf1bb3ac8b84d556089.js","2ce38460ca867b7bc977f271128993fa7b6a1bf2-230ff9a333bf8c7026c8.js","component---src-pages-technology-js-299ddae2d1d5be5aa56e.js"],"component---src-pages-using-typescript-tsx":["9823def0f0e3e77a6a0a0a70a9634b9df29ec52f-cb5417298f917bb5188a.js","component---src-pages-using-typescript-tsx-2f9b97cf148785549d09.js"],"component---src-templates-blog-post-js":["framework-d91dc22f9c6070178d07.js","styles.7b0da4f9074fbad7f4a9.css","d11e6306e3e633d4276f1e9a6a6912d23b335703-edf1bb3ac8b84d556089.js","2ce38460ca867b7bc977f271128993fa7b6a1bf2-230ff9a333bf8c7026c8.js","9823def0f0e3e77a6a0a0a70a9634b9df29ec52f-cb5417298f917bb5188a.js","b4f28b8dde38944e0d9167a2fa550033034c9e0b-c257caddaf1a16c04631.js","component---src-templates-blog-post-js-9c043c7c469e6886eb1e.js"]},"childAssetsByChunkName":{}}