{"name":"build-javascript","namedChunkGroups":{"polyfill":{"name":"polyfill","assets":[{"name":"webpack-runtime-c4c9fb4e34332f7060a9.js","size":6168},{"name":"polyfill-67664a8ccc6c9f02b880.js","size":85856}],"filteredAssets":0,"assetsSize":92024,"filteredAuxiliaryAssets":2,"auxiliaryAssetsSize":229754},"app":{"name":"app","assets":[{"name":"webpack-runtime-c4c9fb4e34332f7060a9.js","size":6168},{"name":"framework-d91dc22f9c6070178d07.js","size":206120},{"name":"styles.90b468eafd2c83d3bd99.css","size":192864},{"name":"app-b9bc2a66f4856086ac8a.js","size":69242}],"filteredAssets":0,"assetsSize":474394,"filteredAuxiliaryAssets":55,"auxiliaryAssetsSize":1901568},"component---src-pages-404-js":{"name":"component---src-pages-404-js","assets":[{"name":"9823def0f0e3e77a6a0a0a70a9634b9df29ec52f-cb5417298f917bb5188a.js","size":16205},{"name":"component---src-pages-404-js-27981ca7dd461cb4280e.js","size":548}],"filteredAssets":0,"assetsSize":16753,"filteredAuxiliaryAssets":2,"auxiliaryAssetsSize":69585},"component---src-pages-about-js":{"name":"component---src-pages-about-js","assets":[{"name":"framework-d91dc22f9c6070178d07.js","size":206120},{"name":"styles.90b468eafd2c83d3bd99.css","size":192864},{"name":"d11e6306e3e633d4276f1e9a6a6912d23b335703-edf1bb3ac8b84d556089.js","size":45977},{"name":"2ce38460ca867b7bc977f271128993fa7b6a1bf2-71fd5133d10e37a9138c.js","size":61589},{"name":"component---src-pages-about-js-a7640d3d2310fcc49d18.js","size":10321}],"filteredAssets":0,"assetsSize":516871,"filteredAuxiliaryAssets":56,"auxiliaryAssetsSize":2109560},"component---src-pages-blog-js":{"name":"component---src-pages-blog-js","assets":[{"name":"framework-d91dc22f9c6070178d07.js","size":206120},{"name":"styles.90b468eafd2c83d3bd99.css","size":192864},{"name":"d11e6306e3e633d4276f1e9a6a6912d23b335703-edf1bb3ac8b84d556089.js","size":45977},{"name":"2ce38460ca867b7bc977f271128993fa7b6a1bf2-71fd5133d10e37a9138c.js","size":61589},{"name":"9823def0f0e3e77a6a0a0a70a9634b9df29ec52f-cb5417298f917bb5188a.js","size":16205},{"name":"b4f28b8dde38944e0d9167a2fa550033034c9e0b-c257caddaf1a16c04631.js","size":14676},{"name":"component---src-pages-blog-js-79492fc87db8146fa8d3.js","size":1669}],"filteredAssets":0,"assetsSize":539100,"filteredAuxiliaryAssets":58,"auxiliaryAssetsSize":2234166},"component---src-pages-careers-js":{"name":"component---src-pages-careers-js","assets":[{"name":"framework-d91dc22f9c6070178d07.js","size":206120},{"name":"styles.90b468eafd2c83d3bd99.css","size":192864},{"name":"d11e6306e3e633d4276f1e9a6a6912d23b335703-edf1bb3ac8b84d556089.js","size":45977},{"name":"2ce38460ca867b7bc977f271128993fa7b6a1bf2-71fd5133d10e37a9138c.js","size":61589},{"name":"eef47fdf38e98d55065738ed088684cbf747839b-1f72f4af7c391092032e.js","size":18419},{"name":"component---src-pages-careers-js-7a1054fe813e23750369.js","size":2424}],"filteredAssets":0,"assetsSize":527393,"filteredAuxiliaryAssets":57,"auxiliaryAssetsSize":2157196},"component---src-pages-contact-js":{"name":"component---src-pages-contact-js","assets":[{"name":"framework-d91dc22f9c6070178d07.js","size":206120},{"name":"styles.90b468eafd2c83d3bd99.css","size":192864},{"name":"d11e6306e3e633d4276f1e9a6a6912d23b335703-edf1bb3ac8b84d556089.js","size":45977},{"name":"2ce38460ca867b7bc977f271128993fa7b6a1bf2-71fd5133d10e37a9138c.js","size":61589},{"name":"eef47fdf38e98d55065738ed088684cbf747839b-1f72f4af7c391092032e.js","size":18419},{"name":"component---src-pages-contact-js-7565a44e78ec9e417910.js","size":1523}],"filteredAssets":0,"assetsSize":526492,"filteredAuxiliaryAssets":57,"auxiliaryAssetsSize":2150004},"component---src-pages-digital-transformation-js":{"name":"component---src-pages-digital-transformation-js","assets":[{"name":"framework-d91dc22f9c6070178d07.js","size":206120},{"name":"styles.90b468eafd2c83d3bd99.css","size":192864},{"name":"d11e6306e3e633d4276f1e9a6a6912d23b335703-edf1bb3ac8b84d556089.js","size":45977},{"name":"2ce38460ca867b7bc977f271128993fa7b6a1bf2-71fd5133d10e37a9138c.js","size":61589},{"name":"component---src-pages-digital-transformation-js-d727eeb3025f99f97133.js","size":14334}],"filteredAssets":0,"assetsSize":520884,"filteredAuxiliaryAssets":56,"auxiliaryAssetsSize":2115237},"component---src-pages-index-js":{"name":"component---src-pages-index-js","assets":[{"name":"framework-d91dc22f9c6070178d07.js","size":206120},{"name":"styles.90b468eafd2c83d3bd99.css","size":192864},{"name":"d11e6306e3e633d4276f1e9a6a6912d23b335703-edf1bb3ac8b84d556089.js","size":45977},{"name":"2ce38460ca867b7bc977f271128993fa7b6a1bf2-71fd5133d10e37a9138c.js","size":61589},{"name":"component---src-pages-index-js-2a3bc1c9713a334a57d9.js","size":8232}],"filteredAssets":0,"assetsSize":514782,"filteredAuxiliaryAssets":56,"auxiliaryAssetsSize":2108893},"component---src-pages-mobedo-story-js":{"name":"component---src-pages-mobedo-story-js","assets":[{"name":"framework-d91dc22f9c6070178d07.js","size":206120},{"name":"styles.90b468eafd2c83d3bd99.css","size":192864},{"name":"d11e6306e3e633d4276f1e9a6a6912d23b335703-edf1bb3ac8b84d556089.js","size":45977},{"name":"component---src-pages-mobedo-story-js-d4c65fde7eb8b1c5033e.js","size":4580}],"filteredAssets":0,"assetsSize":449541,"filteredAuxiliaryAssets":55,"auxiliaryAssetsSize":1816117},"component---src-pages-privacypolicy-js":{"name":"component---src-pages-privacypolicy-js","assets":[{"name":"framework-d91dc22f9c6070178d07.js","size":206120},{"name":"styles.90b468eafd2c83d3bd99.css","size":192864},{"name":"d11e6306e3e633d4276f1e9a6a6912d23b335703-edf1bb3ac8b84d556089.js","size":45977},{"name":"2ce38460ca867b7bc977f271128993fa7b6a1bf2-71fd5133d10e37a9138c.js","size":61589},{"name":"component---src-pages-privacypolicy-js-9f1b6b432aadc36ba256.js","size":578}],"filteredAssets":0,"assetsSize":507128,"filteredAuxiliaryAssets":56,"auxiliaryAssetsSize":2082179},"component---src-pages-shared-services-js":{"name":"component---src-pages-shared-services-js","assets":[{"name":"framework-d91dc22f9c6070178d07.js","size":206120},{"name":"styles.90b468eafd2c83d3bd99.css","size":192864},{"name":"d11e6306e3e633d4276f1e9a6a6912d23b335703-edf1bb3ac8b84d556089.js","size":45977},{"name":"2ce38460ca867b7bc977f271128993fa7b6a1bf2-71fd5133d10e37a9138c.js","size":61589},{"name":"component---src-pages-shared-services-js-8281292e411e0731e925.js","size":10756}],"filteredAssets":0,"assetsSize":517306,"filteredAuxiliaryAssets":56,"auxiliaryAssetsSize":2110671},"component---src-pages-starategy-js":{"name":"component---src-pages-starategy-js","assets":[{"name":"framework-d91dc22f9c6070178d07.js","size":206120},{"name":"styles.90b468eafd2c83d3bd99.css","size":192864},{"name":"d11e6306e3e633d4276f1e9a6a6912d23b335703-edf1bb3ac8b84d556089.js","size":45977},{"name":"2ce38460ca867b7bc977f271128993fa7b6a1bf2-71fd5133d10e37a9138c.js","size":61589},{"name":"component---src-pages-starategy-js-f5a7646db214c6303a3d.js","size":12461}],"filteredAssets":0,"assetsSize":519011,"filteredAuxiliaryAssets":56,"auxiliaryAssetsSize":2112054},"component---src-pages-technology-js":{"name":"component---src-pages-technology-js","assets":[{"name":"framework-d91dc22f9c6070178d07.js","size":206120},{"name":"styles.90b468eafd2c83d3bd99.css","size":192864},{"name":"d11e6306e3e633d4276f1e9a6a6912d23b335703-edf1bb3ac8b84d556089.js","size":45977},{"name":"2ce38460ca867b7bc977f271128993fa7b6a1bf2-71fd5133d10e37a9138c.js","size":61589},{"name":"component---src-pages-technology-js-038b3e1830fd4da2b25d.js","size":13752}],"filteredAssets":0,"assetsSize":520302,"filteredAuxiliaryAssets":56,"auxiliaryAssetsSize":2114735},"component---src-pages-using-typescript-tsx":{"name":"component---src-pages-using-typescript-tsx","assets":[{"name":"9823def0f0e3e77a6a0a0a70a9634b9df29ec52f-cb5417298f917bb5188a.js","size":16205},{"name":"component---src-pages-using-typescript-tsx-2f9b97cf148785549d09.js","size":1370}],"filteredAssets":0,"assetsSize":17575,"filteredAuxiliaryAssets":2,"auxiliaryAssetsSize":71050},"component---src-templates-blog-post-js":{"name":"component---src-templates-blog-post-js","assets":[{"name":"framework-d91dc22f9c6070178d07.js","size":206120},{"name":"styles.90b468eafd2c83d3bd99.css","size":192864},{"name":"d11e6306e3e633d4276f1e9a6a6912d23b335703-edf1bb3ac8b84d556089.js","size":45977},{"name":"2ce38460ca867b7bc977f271128993fa7b6a1bf2-71fd5133d10e37a9138c.js","size":61589},{"name":"9823def0f0e3e77a6a0a0a70a9634b9df29ec52f-cb5417298f917bb5188a.js","size":16205},{"name":"b4f28b8dde38944e0d9167a2fa550033034c9e0b-c257caddaf1a16c04631.js","size":14676},{"name":"component---src-templates-blog-post-js-9c043c7c469e6886eb1e.js","size":1621}],"filteredAssets":0,"assetsSize":539052,"filteredAuxiliaryAssets":58,"auxiliaryAssetsSize":2234403}},"assetsByChunkName":{"polyfill":["webpack-runtime-c4c9fb4e34332f7060a9.js","polyfill-67664a8ccc6c9f02b880.js"],"app":["webpack-runtime-c4c9fb4e34332f7060a9.js","framework-d91dc22f9c6070178d07.js","styles.90b468eafd2c83d3bd99.css","app-b9bc2a66f4856086ac8a.js"],"component---src-pages-404-js":["9823def0f0e3e77a6a0a0a70a9634b9df29ec52f-cb5417298f917bb5188a.js","component---src-pages-404-js-27981ca7dd461cb4280e.js"],"component---src-pages-about-js":["framework-d91dc22f9c6070178d07.js","styles.90b468eafd2c83d3bd99.css","d11e6306e3e633d4276f1e9a6a6912d23b335703-edf1bb3ac8b84d556089.js","2ce38460ca867b7bc977f271128993fa7b6a1bf2-71fd5133d10e37a9138c.js","component---src-pages-about-js-a7640d3d2310fcc49d18.js"],"component---src-pages-blog-js":["framework-d91dc22f9c6070178d07.js","styles.90b468eafd2c83d3bd99.css","d11e6306e3e633d4276f1e9a6a6912d23b335703-edf1bb3ac8b84d556089.js","2ce38460ca867b7bc977f271128993fa7b6a1bf2-71fd5133d10e37a9138c.js","9823def0f0e3e77a6a0a0a70a9634b9df29ec52f-cb5417298f917bb5188a.js","b4f28b8dde38944e0d9167a2fa550033034c9e0b-c257caddaf1a16c04631.js","component---src-pages-blog-js-79492fc87db8146fa8d3.js"],"component---src-pages-careers-js":["framework-d91dc22f9c6070178d07.js","styles.90b468eafd2c83d3bd99.css","d11e6306e3e633d4276f1e9a6a6912d23b335703-edf1bb3ac8b84d556089.js","2ce38460ca867b7bc977f271128993fa7b6a1bf2-71fd5133d10e37a9138c.js","eef47fdf38e98d55065738ed088684cbf747839b-1f72f4af7c391092032e.js","component---src-pages-careers-js-7a1054fe813e23750369.js"],"component---src-pages-contact-js":["framework-d91dc22f9c6070178d07.js","styles.90b468eafd2c83d3bd99.css","d11e6306e3e633d4276f1e9a6a6912d23b335703-edf1bb3ac8b84d556089.js","2ce38460ca867b7bc977f271128993fa7b6a1bf2-71fd5133d10e37a9138c.js","eef47fdf38e98d55065738ed088684cbf747839b-1f72f4af7c391092032e.js","component---src-pages-contact-js-7565a44e78ec9e417910.js"],"component---src-pages-digital-transformation-js":["framework-d91dc22f9c6070178d07.js","styles.90b468eafd2c83d3bd99.css","d11e6306e3e633d4276f1e9a6a6912d23b335703-edf1bb3ac8b84d556089.js","2ce38460ca867b7bc977f271128993fa7b6a1bf2-71fd5133d10e37a9138c.js","component---src-pages-digital-transformation-js-d727eeb3025f99f97133.js"],"component---src-pages-index-js":["framework-d91dc22f9c6070178d07.js","styles.90b468eafd2c83d3bd99.css","d11e6306e3e633d4276f1e9a6a6912d23b335703-edf1bb3ac8b84d556089.js","2ce38460ca867b7bc977f271128993fa7b6a1bf2-71fd5133d10e37a9138c.js","component---src-pages-index-js-2a3bc1c9713a334a57d9.js"],"component---src-pages-mobedo-story-js":["framework-d91dc22f9c6070178d07.js","styles.90b468eafd2c83d3bd99.css","d11e6306e3e633d4276f1e9a6a6912d23b335703-edf1bb3ac8b84d556089.js","component---src-pages-mobedo-story-js-d4c65fde7eb8b1c5033e.js"],"component---src-pages-privacypolicy-js":["framework-d91dc22f9c6070178d07.js","styles.90b468eafd2c83d3bd99.css","d11e6306e3e633d4276f1e9a6a6912d23b335703-edf1bb3ac8b84d556089.js","2ce38460ca867b7bc977f271128993fa7b6a1bf2-71fd5133d10e37a9138c.js","component---src-pages-privacypolicy-js-9f1b6b432aadc36ba256.js"],"component---src-pages-shared-services-js":["framework-d91dc22f9c6070178d07.js","styles.90b468eafd2c83d3bd99.css","d11e6306e3e633d4276f1e9a6a6912d23b335703-edf1bb3ac8b84d556089.js","2ce38460ca867b7bc977f271128993fa7b6a1bf2-71fd5133d10e37a9138c.js","component---src-pages-shared-services-js-8281292e411e0731e925.js"],"component---src-pages-starategy-js":["framework-d91dc22f9c6070178d07.js","styles.90b468eafd2c83d3bd99.css","d11e6306e3e633d4276f1e9a6a6912d23b335703-edf1bb3ac8b84d556089.js","2ce38460ca867b7bc977f271128993fa7b6a1bf2-71fd5133d10e37a9138c.js","component---src-pages-starategy-js-f5a7646db214c6303a3d.js"],"component---src-pages-technology-js":["framework-d91dc22f9c6070178d07.js","styles.90b468eafd2c83d3bd99.css","d11e6306e3e633d4276f1e9a6a6912d23b335703-edf1bb3ac8b84d556089.js","2ce38460ca867b7bc977f271128993fa7b6a1bf2-71fd5133d10e37a9138c.js","component---src-pages-technology-js-038b3e1830fd4da2b25d.js"],"component---src-pages-using-typescript-tsx":["9823def0f0e3e77a6a0a0a70a9634b9df29ec52f-cb5417298f917bb5188a.js","component---src-pages-using-typescript-tsx-2f9b97cf148785549d09.js"],"component---src-templates-blog-post-js":["framework-d91dc22f9c6070178d07.js","styles.90b468eafd2c83d3bd99.css","d11e6306e3e633d4276f1e9a6a6912d23b335703-edf1bb3ac8b84d556089.js","2ce38460ca867b7bc977f271128993fa7b6a1bf2-71fd5133d10e37a9138c.js","9823def0f0e3e77a6a0a0a70a9634b9df29ec52f-cb5417298f917bb5188a.js","b4f28b8dde38944e0d9167a2fa550033034c9e0b-c257caddaf1a16c04631.js","component---src-templates-blog-post-js-9c043c7c469e6886eb1e.js"]},"childAssetsByChunkName":{}}